sku_name,qty_ordered
audionic_6954217532172,2.0
Saylani_School-Fee-Per-Month-One-Child,2.0
FESFEducate-a-Child-for-a-Month,1.0
RB_Dettol Germ Busting Kit-bf,40.0
MEGUIAR_X1025EU,1.0
aw_SILICONE MULTI TOOL-,1.0
Tmall_Autocool,3.0
emart_Tyre Shape Air Compressor,34.0
interwood_HA-HLZ9A115-38562,1.0
aw_DECAL and ADHESIVE REMOVER-12 oz.,1.0
Mannan_Leather_tie_clip,1.0
Saylani_Health-Contribution-Package-1,3.0
Kansai_Auto Acrylic Clear Gloss,1.0
Payer_Payer-Shaver,1.0
TCF_Educate-a-Child-for-a-Month,8.0
aw_Ultra Shine Wash & Wax-64oz./1893ml ,1.0
sukoonbundle-sukoon10-cj_CJPOISL,1.0
Tcreation_TC-01-XL,1.0
qzs_27360-Large,1.0
SKMT_CT Scan,1.0
Kansai_Vinyl & Fabric _ Sand,2.0
clickbuscollection_nwc-29-Purple,1.0
MEGUIAR_G36516,1.0
Value Shop_VS020-Purple,1.0
emart_0-37,7.0
proactiv_acne_1,4.0
sstop_airvent_mobile_holder,1.0
Voucher 6000,1.0
clickbuscollection_nwc-32,1.0
Aladdin_bike_cover,2.0
aw_CONSTRUCTION FOAM-500ml,3.0
Kansai_High Heat Auto _ Whitw,2.0
Rajesh_RAJ036,1.0
MEGUIAR_G18211,2.0
clickbuscollection_nwc-30,1.0
audionic_Shock-2,1.0
clickbuscollection_nwc-29-Maroon,1.0
aw_CONSTRUCTION FOAM (GUN)-750ml,1.0
Xenium_PWZ-20166,1.0
aw_CRC Silicone SPRAY (BEST FOR LUBRICATING THREAD MILL BELT)-20,1.0
Lacie_9000146,1.0
shoppers stop_MagicGlass-3,13.0
Voucher 9000,1.0
aw_Fuel Injector Treatment & Upper Cylindrical Treatment (white),2.0
Regal_549-C-BLACK-6,1.0
MEGUIAR_G3200,1.0
aw_Auto Airco Cleaner Fresh Scent-150ml ,1.0
Charizma_DG40,1.0
Tmall_MM-DR-PAD,1.0
Entertainer Asia_Vouch 365-2017 BookLahore,7.0
MEGUIAR_G1001EU,1.0
kansai_Undercoating Aerosol,6.0
Q Mobile E-300,1.0
Entertainer Asia_Vouch 365-2017 Mobile App Lahore,1.0
sindbad_Sindbad Gift Card-1,3.0
electro_Humidifier,1.0
MEGUIAR_G12711,1.0
BO_Pack of 6 - Non-Stick Cooking Utensils - Black,1.0
West Point_WF-929,1.0
Entertainer Asia_Vouch 365 - 2017 Book Karachi,2.0
MEGUIAR_G6207,1.0
MEGUIAR_G14512,1.0
Charizma_DG36,1.0
aw_Super Concentrated Fuel Injector (Black)-12oz./354ml ,2.0
aw_Complete Fuel System Cleaner-12oz./354ml ,1.0
Rajesh_Blue Car Emergency Tow Chain,3.0
Telemall_MM-DR-HB-L,2.0
kansai_NeverWet,1.0
clickbuscollection_nwc-36,1.0
aw_WD40 -420mlSMART STRAW,1.0
Audionic_6-954217-510248,1.0
test-product-00,1.0
RAJESH_RAJ219,1.0
NVC_Polaroid-iS426,2.0
emart_00-1,1.0
AL Khair_Baby Oil 50ml,1.0
WD_WD - MP - 2TB,1.0
lm_FORBES MONTHLY-Subscription,1.0
TCF_Donate-a-Set-of-School-Books,1.0
MEGUIAR_X2020EU,1.0
aw_AIR MAX MOISTURE ABSORBER & REFILLER-450gm,5.0
MEGUIAR_A1214,1.0
SKMT_Medicine,20.0
MEGUIAR_G15812EU,1.0
stripyinterior_100004,1.0
Kansai_RockGuard,1.0
vitamin_265,2.0
Charizma_DG35,1.0
Kansai_Auto_Camouflag_Olive,1.0
LS_8961100500154,2.0
Mannan_leather_file_book,1.0
stoner_91381 A,1.0
Alerashine_sku-09-XL,1.0
aw_CONSTRUCTION FOAM-700ml,2.0
mm_AG-09,1.0
Z&A_ZEES-0122,1.0
